Sentence,Label
Home,0
Breakfast,0
Dosa,0
Idli,0
Chutney,0
Sandwich,0
Rice,0
Biryani,0
Pulao,0
Paneer,0
Snacks,0
Starters,0
Appetizer,0
SideDish,0
Streetfood,0
Chaat,0
Sabzi,0
Dal,0
Rasam,0
Sambar,0
SauceDips,0
Sweets,0
Cakes,0
Dessert,0
Lunch,0
Roti,0
Paratha,0
Soup,0
Salad,0
Raita,0
Tambli,0
Rasam,0
Sambar,0
Pickle,0
Search,0
HebbarsKitchen,0
HebbarsKitchen,0
HebbarsKitchen,0
Home,0
Breakfast,0
Dosa,0
Idli,0
Chutney,0
Sandwich,0
Rice,0
Biryani,0
Pulao,0
Paneer,0
Snacks,0
Starters,0
Appetizer,0
SideDish,0
Streetfood,0
Chaat,0
Sabzi,0
Dal,0
Rasam,0
Sambar,0
SauceDips,0
Sweets,0
Cakes,0
Dessert,0
Lunch,0
Roti,0
Paratha,0
Soup,0
Salad,0
Raita,0
Tambli,0
Rasam,0
Sambar,0
Pickle,0
Search,0
HebbarsKitchen,0
Home,0
Breakfast,0
Dosa,0
Idli,0
Chutney,0
Sandwich,0
Rice,0
Biryani,0
Pulao,0
Paneer,0
Snacks,0
Starters,0
Appetizer,0
SideDish,0
Streetfood,0
Chaat,0
Sabzi,0
Dal,0
Rasam,0
Sambar,0
SauceDips,0
Sweets,0
Cakes,0
Dessert,0
Lunch,0
Roti,0
Paratha,0
Soup,0
Salad,0
Raita,0
Tambli,0
Rasam,0
Sambar,0
Pickle,0
Search,0
Home  appetizer  paneermanchuriandryrecipehowtomakedrypaneer,0
manchurian,0
paneermanchuriandryrecipehowtomakedrypaneermanchurian,0
By,0
HebbarsKitchen,0
January282019,0
13,0
paneermanchuriandryrecipehowtomakedrypaneermanchurianwith,0
detailedphotoandvideorecipeadrymanchurianrecipepreparedwithpaneer,0
cubesanidealpartysnackservedasstarterorasasidedishwithveg,0
friedriceoranynoodlesrecipe,0
paneermanchurian,0
drydataimagesvgxml3Csvg20xmlnshttpwwww3org2000svg20viewBox0200207692010243E3Csvg3Epaneer,0
manchuriandryhttphebbarskitchencomwp,0
contentuploadsmainPhotospaneermanchuriandryrecipehowtomakedry,0
paneermanchurian18769x1024jpegpaneermanchuriandryrecipehowto,0
makedrypaneermanchurianwithstepbystepphotoandvideorecipe,0
basicallyanadaptedversionofchinesecuisinewithitscookingtechniques,0
whichmeetstherequirementsofindiantasteinotherwordsitisa2step,0
processwherefirstlythepaneercubesaredeepfriedwithspicedcorn,0
andallpurposeflourcoatinglateritissautéedwithmixtureofsoy,0
vinegarandtomatosauce,0
TableofContentshide,0
1watchvideo,0
2recipecard,0
3ingredients,0
4stepbystepphotos,0
5paneermanchurianbatterrecipe,0
6pannermanchuriandryrecipe,0
7notes,0
ihavealwaysbeenabigfanofmanchurianrecipesandespeciallygobi,0
manchurianrecipehowevermyhusbandisardentfollowerofpaneerrecipes,0
particularlyindochinesecuisinerecipesfrompaneertobehonestthis,0
recipewaspendingsincelastyearandmyhusbandhadrequestedlongbacki,0
havepreparedthisrecipeverysimilartobabycornmanchurianrecipeand,0
ihavenotaddedcapsicumipersonallyprefertohavedicedcapsicuminmy,0
manchuributbecauseiwasrunningshortihaveskippeditinthisrecipe,0
drypaneer,0
manchuriandataimagesvgxml3Csvg20xmlnshttpwwww3org2000svg20viewBox0200201024207693E3Csvg3Edry,0
paneermanchurianhttphebbarskitchencomwp,0
contentuploadsmainPhotospaneermanchuriandryrecipehowtomakedry,0
paneermanchurian191024x769jpeg,0
besidessomeimportanttipsforaperfectpaneermanchuriandryrecipeitis,0
alwaysrecommendedtousecomparativelyharderpaneercubesinanyindo,0
chineeserecipesperhapsbecausetherecipesfollowa2stepprocesswith,0
deepfryingandsautéingorotherwiseitmaylooseitsshapeihaveused,0
homemadepaneeryoucanusestoreboughtforthesamesecondlyihave,0
addedchillipowderforthespicinessalternativelychillisaucecanalsobe,0
addedlastlytoprepareapaneermanchuriangravyrecipeaddhalfcupof,0
cornflourpastetothisrecipeiwouldbesoonpostingitadetailedpost,0
anyway,0
finallyiwouldliketohighlightmyotherstartersrecipecollections,0
withthispostspecificallypaneerchillivegmanchurianveg,0
manchowsoupidlimanchurianhotandsoursoupveghakka,0
noodlespaneerfriedricerecipeinadditiondovisitmyother,0
recipescollectionboardlike,0
snacksrecipescollection,0
instantrecipescollection,0
sandwichrecipescollection,0
paneermanchuriandryvideorecipe,0
TRENDINGRECIPES,0
gulabjamunrecipehowto,0
Diwalisweetsrecipes150Deepavali,0
besanladoorecipebesanke,0
instantchaklirecipeinstantrice,0
kajukatlirecipekajubarfi,0
000142,0
ravaladdureciperavaladoo,0
recipecardforpaneermanchuriandryrecipe,0
paneermanchurian,0
drydataimagesvgxml3Csvg20xmlnshttpwwww3org2000svg20viewBox020020225203003E3Csvg3Epaneer,0
manchuriandryhttpshebbarskitchencomwp,0
contentuploadsmainPhotospaneermanchuriandryrecipehowtomakedry,0
paneermanchurian18225x300jpeg,0
paneermanchuriandryrecipehowtomakedrypaneermanchurian,0
HEBBARSKITCHEN,0
easypaneermanchuriandryrecipehowtomakedrypaneermanchurian,0
5from246votes,0
PrintPinEmail,0
PrepTime15mins,0
CookTime15mins,0
TotalTime30mins,0
Coursestarters,0
Cuisineindochineese,0
Servings3Servings,0
CookModeDisableAutoLockScreenwhilecooking,0
Ingredients,0
1x2x3x,0
9paneercottagecheesecubed,1
½cupmaidaplainflourallpurposeflour,1
2tbspcornflour,1
1tspkashmirichillipowderlalmirchpowder,1
salttotaste,1
½cupwateraddasrequired,1
oilfordeepfrying,1
otheringredients,0
3tspoil,1
1inchgingerfinelychopped,1
2clovesgarlicfinelychopped,1
½onionfinelychopped,1
½cuptomatosauce,1
1tbspsoysaucesoyasauce,1
1tbspvinegar,1
salttotaste,1
½tspkashmirichillipowderlalmirchpowder,1
1springonionchopped,1
Instructions,0
firstlyinalargemixingbowltakemaidaandcornflour,0
furtheraddchilipowderandsalt,0
mixwellmakingsureallthedryingredientsarecombinedwell,0
nowslowlyaddwaterasrequired,0
andmakeasmoothflowingconsistencybatter,0
furthermoreaddcubedpaneerandcoatwellwithbatter,0
thendeepfryintohotoiltilltheyturngoldenbrown,0
finallydrainthefriedpaneeronakitchenpapertoweltoremoveexcessoil,0
pannermanchuriandryrecipe,0
firstlyinalargekadaiadd3tspoil,0
furthermoreaddchoppedgingerandgarlicsauteforaminute,0
alsosauteonionstilltheysweat,0
addtomatosaucesoysauceandvinegar,0
furthermoreaddsaltandchilipowder,0
sauteforaminuteortillthesauceturnsslightlythick,0
nowaddthedeepfriedpaneerandchoppedspringonions,0
giveagoodmix,0
finallyaddsomechoppedspringonionsgreensandservehotdrypaneermanchurian,0
SavethisRecipeSaved,0
TriedthisrecipeClickapictureandmentionhebbarskitchenortag,0
hebbarskitchenusinInstagramorTwitter,0
SubscribetoourYoutubeChannelClickheretosubscribeourYoutubeChannel,0
andstayupdatedwithourlatestvideorecipes,0
howtomakepaneermanchuriandrywithstepbystepphotosrecipe,0
paneermanchurianbatterrecipe,0
1firstlyinalargemixingbowltakemaida,0
drypaneer,0
manchuriandataimagesvgxml3Csvg20xmlnshttpwwww3org2000svg20viewBox02002010242010243E3Csvg3E,0
drypaneermanchurianhttphebbarskitchencomwp,0
contentuploads201701paneermanchuriandryrecipehowtomakedrypaneer,0
manchurian201024x1024jpeg,0
2alsoaddcornflourcornflourhelpstomakemanchurianmorecrispy,0
drypaneer,0
manchuriandataimagesvgxml3Csvg20xmlnshttpwwww3org2000svg20viewBox02002010242010243E3Csvg3E,0
drypaneermanchurianhttphebbarskitchencomwp,0
contentuploads201701paneermanchuriandryrecipehowtomakedrypaneer,0
manchurian211024x1024jpeg,0
3furtheraddchilipowderandsalt,0
drypaneer,0
manchuriandataimagesvgxml3Csvg20xmlnshttpwwww3org2000svg20viewBox02002010242010243E3Csvg3E,0
drypaneermanchurianhttphebbarskitchencomwp,0
contentuploads201701paneermanchuriandryrecipehowtomakedrypaneer,0
manchurian221024x1024jpeg,0
4mixwellmakingsureallthedryingredientsarecombinedwell,0
drypaneer,0
manchuriandataimagesvgxml3Csvg20xmlnshttpwwww3org2000svg20viewBox02002010242010243E3Csvg3E,0
drypaneermanchurianhttphebbarskitchencomwp,0
contentuploads201701paneermanchuriandryrecipehowtomakedrypaneer,0
manchurian231024x1024jpeg,0
5nowslowlyaddwaterasrequired,0
drypaneer,0
manchuriandataimagesvgxml3Csvg20xmlnshttpwwww3org2000svg20viewBox02002010242010243E3Csvg3E,0
drypaneermanchurianhttphebbarskitchencomwp,0
contentuploads201701paneermanchuriandryrecipehowtomakedrypaneer,0
manchurian241024x1024jpeg,0
6andmakeasmoothflowingconsistencybatter,0
drypaneer,0
manchuriandataimagesvgxml3Csvg20xmlnshttpwwww3org2000svg20viewBox02002010242010243E3Csvg3E,0
drypaneermanchurianhttphebbarskitchencomwp,0
contentuploads201701paneermanchuriandryrecipehowtomakedrypaneer,0
manchurian251024x1024jpeg,0
7furthermoreaddcubedpaneerandcoatwellwithbatter,0
drypaneer,0
manchuriandataimagesvgxml3Csvg20xmlnshttpwwww3org2000svg20viewBox02002010242010243E3Csvg3E,0
drypaneermanchurianhttphebbarskitchencomwp,0
contentuploads201701paneermanchuriandryrecipehowtomakedrypaneer,0
manchurian261024x1024jpeg,0
8thendeepfryintohotoiltilltheyturngoldenbrown,0
drypaneer,0
manchuriandataimagesvgxml3Csvg20xmlnshttpwwww3org2000svg20viewBox02002010242010243E3Csvg3E,0
drypaneermanchurianhttphebbarskitchencomwp,0
contentuploads201701paneermanchuriandryrecipehowtomakedrypaneer,0
manchurian271024x1024jpeg,0
9finallydrainthefriedpaneeronakitchenpapertoweltoremoveexcessoil,0
paneermanchurian,0
drydataimagesvgxml3Csvg20xmlnshttpwwww3org2000svg20viewBox02002010242010243E3Csvg3E,0
paneermanchuriandryhttphebbarskitchencomwp,0
contentuploads201701paneermanchuriandryrecipehowtomakedrypaneer,0
manchurian281024x1024jpeg,0
pannermanchuriandryrecipe,0
1firstlyinalargekadaiadd3tspoil,0
paneermanchurian,0
drydataimagesvgxml3Csvg20xmlnshttpwwww3org2000svg20viewBox02002010242010243E3Csvg3E,0
paneermanchuriandryhttphebbarskitchencomwp,0
contentuploads201701paneermanchuriandryrecipehowtomakedrypaneer,0
manchurian291024x1024jpeg,0
2furthermoreaddchoppedgingerandgarlicsauteforaminute,0
paneermanchurian,0
drydataimagesvgxml3Csvg20xmlnshttpwwww3org2000svg20viewBox02002010242010243E3Csvg3E,0
paneermanchuriandryhttphebbarskitchencomwp,0
contentuploads201701paneermanchuriandryrecipehowtomakedrypaneer,0
manchurian301024x1024jpeg,0
3alsosauteonionstilltheysweat,0
paneermanchurian,0
drydataimagesvgxml3Csvg20xmlnshttpwwww3org2000svg20viewBox02002010242010243E3Csvg3E,0
paneermanchuriandryhttphebbarskitchencomwp,0
contentuploads201701paneermanchuriandryrecipehowtomakedrypaneer,0
manchurian311024x1024jpeg,0
4addtomatosaucesoysauceandvinegar,0
paneermanchurian,0
drydataimagesvgxml3Csvg20xmlnshttpwwww3org2000svg20viewBox02002010242010243E3Csvg3E,0
paneermanchuriandryhttphebbarskitchencomwp,0
contentuploads201701paneermanchuriandryrecipehowtomakedrypaneer,0
manchurian321024x1024jpeg,0
5furthermoreaddsaltandchilipowder,0
paneermanchurian,0
drydataimagesvgxml3Csvg20xmlnshttpwwww3org2000svg20viewBox02002010242010243E3Csvg3E,0
paneermanchuriandryhttphebbarskitchencomwp,0
contentuploads201701paneermanchuriandryrecipehowtomakedrypaneer,0
manchurian331024x1024jpeg,0
6sauteforaminuteortillthesauceturnsslightlythick,0
paneermanchurian,0
drydataimagesvgxml3Csvg20xmlnshttpwwww3org2000svg20viewBox02002010242010243E3Csvg3E,0
paneermanchuriandryhttphebbarskitchencomwp,0
contentuploads201701paneermanchuriandryrecipehowtomakedrypaneer,0
manchurian341024x1024jpeg,0
7nowaddthedeepfriedpaneerandchoppedspringonions,0
paneermanchurian,0
drydataimagesvgxml3Csvg20xmlnshttpwwww3org2000svg20viewBox02002010242010243E3Csvg3E,0
paneermanchuriandryhttphebbarskitchencomwp,0
contentuploads201701paneermanchuriandryrecipehowtomakedrypaneer,0
manchurian351024x1024jpeg,0
8lastlygiveagoodmix,0
paneermanchurian,0
drydataimagesvgxml3Csvg20xmlnshttpwwww3org2000svg20viewBox02002010242010243E3Csvg3E,0
paneermanchuriandryhttphebbarskitchencomwp,0
contentuploads201701paneermanchuriandryrecipehowtomakedrypaneer,0
manchurian361024x1024jpeg,0
9finallyaddsomechoppedspringonionsgreensandservehotdrypaneermanchurian,0
drypaneer,0
manchuriandataimagesvgxml3Csvg20xmlnshttpwwww3org2000svg20viewBox0200201024207693E3Csvg3Edry,0
paneermanchurianhttphebbarskitchencomwp,0
contentuploadsmainPhotospaneermanchuriandryrecipehowtomakedry,0
paneermanchurian191024x769jpeg,0
notes,0
firstlyshallowfryifyoudontwanttousemoreoil,0
furthermoretogetbrightredcolouraddapinchofredfoodcolour,0
alsoaddcapsicumtomakeitmoretasty,0
finallyservepannermanchuriandryimmediatelyelsetheywillnottastegreat,0
Facebook,0
Twitter,0
WhatsApp,0
Pinterest,0
Email,0
HebbarsKitchen,0
13COMMENTS,0
1snehaJuly192017At553pm,0
5,0
starsdataimagegifbase64R0lGODdhAQABAPAAAPwAAACwAAAAAAQABAEACAkQBADs,0
Bigfanofyourallrecipesverysimpleeasytounderstandandmakekeep,0
postingnewrecipeswishyoualltheverybest,0
HebbarsKitchenNovember242017At941pm,0
Thanksalot,0
OlderComments,0
Commentsareclosed,0
OUROTHERLANGUAGES,0
STAYCONNECTED,0
9052334FansLike,0
2108026FollowersFollow,0
6450000SubscribersSubscribe,0
BROWSEBYCATEGORIES,0
BROWSEBYCATEGORIESSelectCategoryappetizerbabyfoodbakeryrecipes,0
beveragesrecipesbiryanibreakfastrecipescelebrationsritualstraditions,0
chaatrecipeschutneyrecipescookiesorbiscuitsrecipescookingtips,0
tricksmethodscurryrecipesdalrecipesdessertdiabeticdinnerrecipes,0
diwalisnacksdiwalisweetsdosarecipesegglesscakesrecipesFeaturedgluten,0
freeidlirecipesindianstreetfoodindochineseinstantrecipes,0
internationalrecipesjunkfoodlowcarbslowfatlunchideasorthalirecipes,0
lunchrecipesmasalarecipesnoonionnogarlicpaneerrecipesparatharecipes,0
picklerecipesproductreviewpulaorecipesraitarecipesrasamrecipes,0
recipescollectionricerecipesrotirecipessaladrecipessambarrecipes,0
sandwichrecipessauceanddipssidedishsnacksrecipessouprecipesstarters,0
orentreesweetsrecipestamblirecipesUncategorizedveganvratrecipes,0
SUBSCRIBETOOURRECIPES,0
StayinTouch,0
Pleasesubscribetoournewslettertogetthelatestnewsinyourdomainof,0
interestDontforgettofollowusonsocialnetworks,0
Facebook,0
Instagram,0
Mail,0
Pinterest,0
RSS,0
Twitter,0
Youtube,0
Subscribe,0
HebbarsKitchenIndianVegRecipes,0
Popular,0
cookingtipstricksmethods,0
top6coconutoilbenefitsdiyhomeremedieswithcoconutoil,0
dinnerrecipes,0
kashmiripulaorecipesaffronricerecipehowtomakekashmiripulav,0
appetizer,0
cocktailsamosarecipepartysamosarecipewithsamosasheets,0
cookingtipstricksmethods,0
top5curdbenefitsdiyhomeremedieswithcurdhealthbeauty,0
indianstreetfood,0
breadupmarecipesouthindianbreadupmarecipe,0
WhatsNew,0
indochinese,0
PastaChilliManchurianRecipeIndoChinesePastaManchurianPasta,0
paratharecipes,0
OnionLachhaParathaCrispSoftPyaazMasaledharLachhaParatha,0
indianstreetfood,0
PaneerGhotalaRecipeSuratVegGhotalaPaneerCheeseGhotala,0
breakfastrecipes,0
InstantMasalaRavaAppamRecipeHealthyNoOilBreakfastRecipe,0
chaatrecipes,0
AlooMatarChaatRecipeDelhiFamousMatarChaatPotatoPeasChaat,0
SearchRecipes,0
Search,0
RecipesCollection,0
VideoRecipes,0
ContactUs,0
Privacy,0
HebbarsKitchenIndianVegRecipesAllRightsReserved,0
